camera,person_a,person_b,timestamp,duration_seconds
ROOM,Om,sarisht,2026-08-07 12:08:27,0.00
ROOM,Om,sarisht,2026-08-07 12:08:28,0.09
ROOM,sarisht,satyabrata,2026-08-07 12:08:29,0.00
ROOM,sarisht,satyabrata,2026-08-07 12:08:29,0.00
ROOM,sarisht,satyabrata,2026-08-07 12:08:29,0.00
ROOM,sarisht,satyabrata,2026-08-07 12:08:29,0.00
ROOM,sarisht,satyabrata,2026-08-07 12:08:30,0.00
ROOM,sarisht,satyabrata,2026-08-07 12:08:30,0.00
ROOM,sarisht,satyabrata,2026-08-07 12:08:30,0.00
ROOM,sarisht,satyabrata,2026-08-07 12:08:30,0.00
ROOM,sarisht,satyabrata,2026-08-07 12:08:30,0.00
ROOM,sarisht,satyabrata,2026-08-07 12:08:30,0.00
ROOM,sarisht,satyabrata,2026-08-07 12:08:30,0.00
ROOM,Om,sarisht,2026-08-07 12:08:29,0.00
ROOM,sarisht,satyabrata,2026-08-07 12:08:31,0.00
ROOM,sarisht,satyabrata,2026-08-07 12:08:31,0.00
ROOM,sarisht,satyabrata,2026-08-07 12:08:31,0.00
ROOM,sarisht,satyabrata,2026-08-07 12:08:31,0.00
ROOM,Om,satyabrata,2026-08-07 12:08:29,0.17
ROOM,sarisht,satyabrata,2026-08-07 12:08:31,0.00
ROOM,sarisht,satyabrata,2026-08-07 12:08:31,0.00
ROOM,sarisht,satyabrata,2026-08-07 12:08:32,0.00
ROOM,sarisht,satyabrata,2026-08-07 12:08:32,0.00
ROOM,sarisht,satyabrata,2026-08-07 12:08:32,0.00
ROOM,sarisht,satyabrata,2026-08-07 12:08:32,0.00
ROOM,sarisht,satyabrata,2026-08-07 12:08:32,0.00
ROOM,sarisht,satyabrata,2026-08-07 12:08:32,0.00
ROOM,sarisht,satyabrata,2026-08-07 12:08:33,0.00
ROOM,sarisht,satyabrata,2026-08-07 12:08:33,0.00
ROOM,sarisht,satyabrata,2026-08-07 12:08:33,0.00
ROOM,sarisht,satyabrata,2026-08-07 12:08:33,0.00
ROOM,sarisht,satyabrata,2026-08-07 12:08:33,0.00
ROOM,sarisht,Unknown-CAM3-24,2026-08-07 12:08:33,0.00
ROOM,Om,sarisht,2026-08-07 12:08:33,0.00
ROOM,sarisht,satyabrata,2026-08-07 12:08:33,0.00
ROOM,sarisht,Unknown-CAM3-24,2026-08-07 12:08:33,0.00
ROOM,Om,sarisht,2026-08-07 12:08:33,0.00
ROOM,sarisht,satyabrata,2026-08-07 12:08:34,0.00
ROOM,Om,Unknown-CAM3-24,2026-08-07 12:08:33,0.16
ROOM,sarisht,Unknown-CAM1-29,2026-08-07 12:08:38,0.00
ROOM,Om,sarisht,2026-08-07 12:08:40,2.53
ROOM,Om,sarisht,2026-08-07 12:08:43,0.00
ROOM,Om,sarisht,2026-08-07 12:08:43,0.00
ROOM,Om,sarisht,2026-08-07 12:08:43,0.00
ROOM,Om,sarisht,2026-08-07 12:08:43,0.00
ROOM,Om,sarisht,2026-08-07 12:08:43,0.00
ROOM,Om,sarisht,2026-08-07 12:08:43,0.00
ROOM,Om,sarisht,2026-08-07 12:08:44,0.00
ROOM,satyabrata,satyabrata,2026-08-07 12:08:45,0.00
ROOM,satyabrata,satyabrata,2026-08-07 12:08:45,0.00
ROOM,satyabrata,satyabrata,2026-08-07 12:08:45,0.00
ROOM,Om,sarisht,2026-08-07 12:08:44,0.70
ROOM,satyabrata,satyabrata,2026-08-07 12:08:45,0.00
ROOM,satyabrata,satyabrata,2026-08-07 12:08:45,0.12
ROOM,satyabrata,satyabrata,2026-08-07 12:08:46,0.00
ROOM,satyabrata,satyabrata,2026-08-07 12:08:46,0.00
ROOM,Om,sarisht,2026-08-07 12:08:45,1.00
ROOM,Om,sarisht,2026-08-07 12:08:46,0.00
ROOM,Om,sarisht,2026-08-07 12:08:46,0.00
ROOM,Om,sarisht,2026-08-07 12:08:47,0.00
ROOM,Om,sarisht,2026-08-07 12:08:47,0.00
ROOM,Om,sarisht,2026-08-07 12:08:47,0.00
ROOM,Om,sarisht,2026-08-07 12:08:47,0.00
ROOM,Om,sarisht,2026-08-07 12:08:47,0.00
ROOM,Om,sarisht,2026-08-07 12:08:47,0.00
ROOM,Om,sarisht,2026-08-07 12:08:48,0.00
ROOM,Om,sarisht,2026-08-07 12:08:48,0.00
ROOM,Om,sarisht,2026-08-07 12:08:48,0.00
ROOM,Om,sarisht,2026-08-07 12:08:48,0.28
ROOM,sarisht,swapnil,2026-08-07 12:08:48,0.57
ROOM,Om,sarisht,2026-08-07 12:08:48,0.39
ROOM,Om,sarisht,2026-08-07 12:08:50,0.00
ROOM,Unknown-CAM3-1,Unknown-CAM3-2,2026-08-07 12:30:44,0.00
ROOM,Unknown-CAM4-9,Unknown-CAM4-10,2026-08-07 12:30:44,0.00
ROOM,Unknown-CAM4-9,Unknown-CAM4-14,2026-08-07 12:30:47,0.00
ROOM,Unknown-CAM4-9,Unknown-CAM4-14,2026-08-07 12:30:47,0.00
ROOM,sarisht,Unknown-CAM3-3,2026-08-07 12:30:47,0.28
ROOM,Unknown-CAM1-11,Unknown-CAM1-12,2026-08-07 12:30:47,0.00
ROOM,satyabrata,satyabrata,2026-08-07 12:30:46,0.82
ROOM,satyabrata,satyabrata,2026-08-07 12:30:47,0.00
ROOM,satyabrata,satyabrata,2026-08-07 12:30:47,1.92
ROOM,satyabrata,shinjan,2026-08-07 12:31:03,0.00
ROOM,sarisht,Unknown-CAM3-17,2026-08-07 12:31:04,0.73
ROOM,satyabrata,shinjan,2026-08-07 12:31:05,0.00
ROOM,shinjan,Unknown-CAM4-20,2026-08-07 12:31:05,0.94
ROOM,shinjan,Unknown-CAM4-9,2026-08-07 12:31:06,0.00
ROOM,sarisht,swapnil,2026-08-07 12:31:09,0.19
ROOM,Om,satyabrata,2026-08-07 12:31:09,0.83
ROOM,shinjan,Unknown-CAM4-9,2026-08-07 12:31:09,2.69
ROOM,sarisht,swapnil,2026-08-07 12:31:10,2.30
ROOM,sarisht,swapnil,2026-08-07 12:31:13,0.53
ROOM,sarisht,swapnil,2026-08-07 12:31:14,0.00
ROOM,sarisht,swapnil,2026-08-07 12:31:14,0.51
ROOM,sarisht,swapnil,2026-08-07 12:31:15,0.00
ROOM,sarisht,swapnil,2026-08-07 12:31:15,0.39
ROOM,satyabrata,satyabrata,2026-08-07 12:31:09,9.80
ROOM,sarisht,shinjan,2026-08-07 12:31:26,0.28
ROOM,shinjan,Unknown-CAM4-9,2026-08-07 12:31:27,0.00
ROOM,sarisht,satyabrata,2026-08-07 12:31:27,1.95
ROOM,shinjan,Unknown-CAM4-9,2026-08-07 12:31:32,0.00
ROOM,shinjan,Unknown-CAM4-26,2026-08-07 12:31:36,0.78
ROOM,sarisht,shrayan,2026-08-07 12:31:41,0.19
ROOM,Om,sarisht,2026-08-07 12:31:42,0.00
ROOM,sarisht,Unknown-CAM4-9,2026-08-07 12:31:42,0.00
ROOM,sarisht,Unknown-CAM4-9,2026-08-07 12:31:43,0.00
ROOM,shinjan,shinjan,2026-08-07 12:31:41,0.41
ROOM,Om,sarisht,2026-08-07 12:31:42,1.00
ROOM,sarisht,shinjan,2026-08-07 12:31:43,0.00
ROOM,Om,sarisht,2026-08-07 12:31:43,0.00
ROOM,shrayan,Unknown-CAM1-40,2026-08-07 12:31:43,0.00
ROOM,Om,sarisht,2026-08-07 12:31:44,0.00
ROOM,Om,sarisht,2026-08-07 12:31:44,0.00
ROOM,shrayan,Unknown-CAM1-40,2026-08-07 12:31:44,0.00
ROOM,Om,sarisht,2026-08-07 12:31:44,0.00
ROOM,Om,sarisht,2026-08-07 12:31:44,0.00
ROOM,Om,sarisht,2026-08-07 12:31:44,0.00
ROOM,Om,sarisht,2026-08-07 12:31:44,0.00
ROOM,sarisht,shinjan,2026-08-07 12:31:45,0.00
ROOM,Om,sarisht,2026-08-07 12:31:45,0.00
ROOM,sarisht,shinjan,2026-08-07 12:31:45,0.00
ROOM,Om,sarisht,2026-08-07 12:31:45,0.00
ROOM,Om,sarisht,2026-08-07 12:31:45,0.00
ROOM,satyabrata,Unknown-CAM2-35,2026-08-07 12:31:45,0.00
ROOM,shrayan,shrayan,2026-08-07 12:31:45,0.13
ROOM,Om,sarisht,2026-08-07 12:31:45,0.00
ROOM,shinjan,shinjan,2026-08-07 12:31:43,2.47
ROOM,satyabrata,satyabrata,2026-08-07 12:31:45,0.59
ROOM,sarisht,sarisht,2026-08-07 12:31:44,0.18
ROOM,sarisht,sarisht,2026-08-07 12:31:44,1.85
ROOM,shrayan,shrayan,2026-08-07 12:31:45,0.00
ROOM,shrayan,shrayan,2026-08-07 12:31:46,1.04
ROOM,sarisht,sarisht,2026-08-07 12:31:47,0.27
ROOM,sarisht,Unknown-CAM1-43,2026-08-07 12:31:47,0.00
ROOM,sarisht,sarisht,2026-08-07 12:31:47,0.00
ROOM,sarisht,Unknown-CAM4-44,2026-08-07 12:31:50,0.00
ROOM,shinjan,shinjan,2026-08-07 12:31:46,4.68
ROOM,Om,Unknown-CAM3-48,2026-08-07 12:31:54,0.00
ROOM,sarisht,Unknown-CAM4-47,2026-08-07 12:31:54,0.00
ROOM,shinjan,shinjan,2026-08-07 12:31:56,0.06
ROOM,sarisht,Unknown-CAM4-47,2026-08-07 12:31:55,0.18
ROOM,shrayan,shrayan,2026-08-07 12:31:48,9.40
ROOM,sarisht,satyabrata,2026-08-07 12:31:56,1.92
ROOM,sarisht,Unknown-CAM1-43,2026-08-07 12:31:59,0.00
ROOM,shinjan,shinjan,2026-08-07 12:31:56,1.02
ROOM,sarisht,satyabrata,2026-08-07 12:31:58,1.06
ROOM,sarisht,Unknown-CAM1-43,2026-08-07 12:31:59,0.09
ROOM,sarisht,Unknown-CAM4-54,2026-08-07 12:32:00,0.00
ROOM,Om,Unknown-CAM3-53,2026-08-07 12:31:59,0.55
ROOM,sarisht,Unknown-CAM4-54,2026-08-07 12:32:00,0.37
ROOM,Om,sarisht,2026-08-07 12:32:00,0.52
ROOM,Om,Unknown-CAM3-57,2026-08-07 12:32:03,0.00
ROOM,sarisht,Unknown-CAM4-54,2026-08-07 12:32:01,0.00
ROOM,Om,Unknown-CAM3-57,2026-08-07 12:32:03,0.18
ROOM,sarisht,Unknown-CAM1-58,2026-08-07 12:32:04,0.16
ROOM,sarisht,Unknown-CAM3-57,2026-08-07 12:32:03,0.83
ROOM,sarisht,Unknown-CAM4-56,2026-08-07 12:32:02,0.77
ROOM,shrayan,Unknown-CAM1-58,2026-08-07 12:32:04,0.63
ROOM,shrayan,shrayan,2026-08-07 12:31:58,4.99
ROOM,Om,Unknown-CAM3-57,2026-08-07 12:32:04,0.39
ROOM,sarisht,Unknown-CAM1-58,2026-08-07 12:32:04,0.45
ROOM,Om,shinjan,2026-08-07 12:32:09,0.00
ROOM,shinjan,shinjan,2026-08-07 12:32:07,0.84
ROOM,satyabrata,shrayan,2026-08-07 12:32:11,0.00
ROOM,shinjan,shinjan,2026-08-07 12:32:08,0.61
ROOM,Om,shinjan,2026-08-07 12:32:11,0.54
ROOM,satyabrata,shrayan,2026-08-07 12:32:11,0.17
ROOM,Om,shrayan,2026-08-07 12:32:11,0.46
ROOM,Om,shinjan,2026-08-07 12:32:11,0.23
ROOM,satyabrata,shrayan,2026-08-07 12:32:12,0.14
ROOM,Om,sarisht,2026-08-07 12:32:12,0.14
ROOM,Om,shrayan,2026-08-07 12:32:12,0.34
ROOM,satyabrata,shrayan,2026-08-07 12:32:12,0.00
ROOM,Om,shrayan,2026-08-07 12:32:12,0.00
ROOM,Om,sarisht,2026-08-07 12:32:12,0.22
ROOM,Om,shinjan,2026-08-07 12:32:12,0.00
ROOM,Om,shrayan,2026-08-07 12:32:12,0.19
ROOM,Om,sarisht,2026-08-07 12:32:13,0.05
ROOM,Om,shinjan,2026-08-07 12:32:13,0.00
ROOM,Om,shrayan,2026-08-07 12:32:13,0.00
ROOM,Om,shrayan,2026-08-07 12:32:13,0.00
ROOM,Om,sarisht,2026-08-07 12:32:13,0.27
ROOM,Om,shrayan,2026-08-07 12:32:13,0.00
ROOM,Om,shrayan,2026-08-07 12:32:13,0.00
ROOM,Om,sarisht,2026-08-07 12:32:13,0.11
ROOM,sarisht,satyabrata,2026-08-07 12:32:13,0.00
ROOM,Om,shrayan,2026-08-07 12:32:13,0.00
ROOM,sarisht,satyabrata,2026-08-07 12:32:14,0.00
ROOM,Om,shrayan,2026-08-07 12:32:14,0.00
ROOM,Om,shrayan,2026-08-07 12:32:14,0.00
ROOM,Om,shrayan,2026-08-07 12:32:14,0.00
ROOM,Om,shrayan,2026-08-07 12:32:14,0.00
ROOM,sarisht,satyabrata,2026-08-07 12:32:14,0.17
ROOM,Om,shrayan,2026-08-07 12:32:14,0.00
ROOM,Om,sarisht,2026-08-07 12:32:13,0.85
ROOM,Om,shrayan,2026-08-07 12:32:14,0.14
ROOM,satyabrata,shrayan,2026-08-07 12:32:14,0.42
ROOM,Om,shrayan,2026-08-07 12:32:15,0.00
ROOM,Om,sarisht,2026-08-07 12:32:14,0.46
ROOM,Om,sarisht,2026-08-07 12:32:15,0.17
ROOM,Om,sarisht,2026-08-07 12:32:15,0.07
ROOM,Om,sarisht,2026-08-07 12:32:16,0.16
ROOM,satyabrata,shrayan,2026-08-07 12:32:16,0.10
ROOM,Om,sarisht,2026-08-07 12:32:16,0.07
ROOM,Om,shrayan,2026-08-07 12:32:15,0.83
ROOM,Om,shrayan,2026-08-07 12:32:17,0.06
ROOM,sarisht,satyabrata,2026-08-07 12:32:17,0.10
ROOM,satyabrata,shrayan,2026-08-07 12:32:16,1.22
ROOM,sarisht,satyabrata,2026-08-07 12:32:17,0.28
ROOM,Om,shinjan,2026-08-07 12:32:15,2.34
ROOM,sarisht,satyabrata,2026-08-07 12:32:17,0.00
ROOM,satyabrata,shrayan,2026-08-07 12:32:18,0.00
ROOM,sarisht,satyabrata,2026-08-07 12:32:18,0.00
ROOM,sarisht,satyabrata,2026-08-07 12:32:19,0.00
ROOM,sarisht,Unknown-CAM4-83,2026-08-07 12:32:19,0.74
ROOM,Om,Unknown-CAM3-84,2026-08-07 12:32:20,0.87
ROOM,Om,shinjan,2026-08-07 12:32:22,0.00
ROOM,Om,shinjan,2026-08-07 12:32:22,0.00
ROOM,Om,shinjan,2026-08-07 12:32:22,0.14
ROOM,Om,shinjan,2026-08-07 12:32:23,0.00
ROOM,sarisht,shinjan,2026-08-07 12:32:22,0.46
ROOM,Om,shinjan,2026-08-07 12:32:23,0.17
ROOM,sarisht,shinjan,2026-08-07 12:32:23,0.14
ROOM,Om,sarisht,2026-08-07 12:32:24,0.00
ROOM,Om,sarisht,2026-08-07 12:32:27,0.00
ROOM,Om,sarisht,2026-08-07 12:32:27,0.21
ROOM,Om,sarisht,2026-08-07 12:32:27,0.13
ROOM,Om,sarisht,2026-08-07 12:32:28,0.17
ROOM,Om,sarisht,2026-08-07 12:32:28,0.13
ROOM,sarisht,Unknown-CAM4-89,2026-08-07 12:32:28,0.10
ROOM,Om,sarisht,2026-08-07 12:32:28,0.14
ROOM,Om,Om,2026-08-07 12:32:30,0.00
ROOM,Om,sarisht,2026-08-07 12:32:31,0.00
ROOM,Om,sarisht,2026-08-07 12:32:31,0.00
ROOM,Om,Om,2026-08-07 12:32:29,0.50
ROOM,Om,sarisht,2026-08-07 12:32:32,0.00
ROOM,Om,sarisht,2026-08-07 12:32:32,0.00
ROOM,Om,sarisht,2026-08-07 12:32:32,0.00
ROOM,Om,sarisht,2026-08-07 12:32:32,0.00
ROOM,sarisht,shinjan,2026-08-07 12:32:32,0.21
ROOM,Om,sarisht,2026-08-07 12:32:32,0.14
ROOM,sarisht,satyabrata,2026-08-07 12:32:33,0.00
ROOM,Om,sarisht,2026-08-07 12:32:33,0.00
ROOM,Om,sarisht,2026-08-07 12:32:33,0.00
ROOM,sarisht,shinjan,2026-08-07 12:32:33,0.29
ROOM,sarisht,satyabrata,2026-08-07 12:32:33,0.18
ROOM,Om,sarisht,2026-08-07 12:32:33,0.00
ROOM,Om,Om,2026-08-07 12:32:31,1.98
ROOM,sarisht,shinjan,2026-08-07 12:32:33,0.10
ROOM,Om,sarisht,2026-08-07 12:32:34,0.00
ROOM,sarisht,shinjan,2026-08-07 12:32:29,3.42
ROOM,sarisht,shinjan,2026-08-07 12:32:34,0.00
ROOM,Om,Om,2026-08-07 12:32:34,0.00
ROOM,Om,sarisht,2026-08-07 12:32:41,0.00
ROOM,sarisht,shinjan,2026-08-07 12:32:41,0.00
ROOM,Om,sarisht,2026-08-07 12:32:41,0.00
ROOM,Om,sarisht,2026-08-07 12:32:41,0.00
ROOM,Om,sarisht,2026-08-07 12:32:42,0.00
ROOM,sarisht,sarisht,2026-08-07 12:32:40,0.26
ROOM,sarisht,shinjan,2026-08-07 12:32:45,0.14
ROOM,sarisht,shinjan,2026-08-07 12:32:45,0.00
ROOM,sarisht,shinjan,2026-08-07 12:32:45,0.60
ROOM,sarisht,shinjan,2026-08-07 12:32:46,0.18
ROOM,Om,shinjan,2026-08-07 12:32:46,0.18
ROOM,sarisht,shinjan,2026-08-07 12:32:46,0.00
ROOM,sarisht,shinjan,2026-08-07 12:32:47,0.00
ROOM,sarisht,shinjan,2026-08-07 12:32:47,0.00
ROOM,sarisht,shinjan,2026-08-07 12:32:47,0.00
ROOM,sarisht,shinjan,2026-08-07 12:32:47,0.00
ROOM,Om,shinjan,2026-08-07 12:32:47,0.27
ROOM,Om,satyabrata,2026-08-07 12:32:47,0.00
ROOM,sarisht,sarisht,2026-08-07 12:32:46,0.00
ROOM,satyabrata,Unknown-CAM1-110,2026-08-07 12:32:49,0.00
ROOM,shinjan,shrayan,2026-08-07 12:32:48,0.00
ROOM,sarisht,sarisht,2026-08-07 12:32:50,0.00
ROOM,sarisht,sarisht,2026-08-07 12:32:54,0.00
ROOM,sarisht,sarisht,2026-08-07 12:32:54,0.00
ROOM,sarisht,Unknown-CAM3-128,2026-08-07 12:32:54,0.00
ROOM,sarisht,sarisht,2026-08-07 12:32:54,0.00
ROOM,sarisht,Unknown-CAM2-135,2026-08-07 12:33:09,0.63
ROOM,satyabrata,Unknown-CAM4-139,2026-08-07 12:33:12,0.00
ROOM,shinjan,Unknown-CAM3-140,2026-08-07 12:33:11,0.00
ROOM,satyabrata,shinjan,2026-08-07 12:33:14,0.00
ROOM,Om,shinjan,2026-08-07 12:33:14,0.00
ROOM,Om,shinjan,2026-08-07 12:33:14,0.00
ROOM,sarisht,sarisht,2026-08-07 12:33:14,0.00
ROOM,sarisht,sarisht,2026-08-07 12:33:15,0.28
ROOM,Om,sarisht,2026-08-07 12:33:16,0.14
ROOM,sarisht,Om,2026-08-07 12:33:15,0.00
ROOM,sarisht,Om,2026-08-07 12:33:15,0.12
ROOM,Om,sarisht,2026-08-07 12:33:16,1.83
ROOM,Om,sarisht,2026-08-07 12:33:18,0.00
ROOM,Om,shinjan,2026-08-07 12:33:18,0.56
ROOM,Om,sarisht,2026-08-07 12:33:18,0.31
ROOM,Om,sarisht,2026-08-07 12:33:18,0.09
ROOM,Om,sarisht,2026-08-07 12:33:19,0.00
ROOM,Om,shinjan,2026-08-07 12:33:18,0.30
ROOM,sarisht,Unknown-CAM2-150,2026-08-07 12:33:18,0.34
ROOM,Om,sarisht,2026-08-07 12:33:19,0.12
ROOM,Om,sarisht,2026-08-07 12:33:19,0.00
ROOM,Om,sarisht,2026-08-07 12:33:19,0.36
ROOM,Om,shinjan,2026-08-07 12:33:19,0.00
ROOM,Om,sarisht,2026-08-07 12:33:20,0.09
ROOM,Om,sarisht,2026-08-07 12:33:20,0.39
ROOM,Om,sarisht,2026-08-07 12:33:20,0.09
ROOM,sarisht,Unknown-CAM2-150,2026-08-07 12:33:20,0.13
ROOM,shinjan,Unknown-CAM4-148,2026-08-07 12:33:18,2.47
ROOM,Om,sarisht,2026-08-07 12:33:20,0.37
ROOM,Om,Unknown-CAM4-148,2026-08-07 12:33:17,3.49
ROOM,Om,sarisht,2026-08-07 12:33:21,0.00
ROOM,sarisht,satyabrata,2026-08-07 12:39:27,0.27
ROOM,sarisht,shrayan,2026-08-07 12:39:28,0.00
ROOM,satyabrata,Unknown-CAM3-1,2026-08-07 12:39:30,1.06
ROOM,satyabrata,Unknown-CAM4-44,2026-08-07 12:39:48,0.26
ROOM,satyabrata,Unknown-CAM4-44,2026-08-07 12:39:49,1.11
ROOM,satyabrata,satyabrata,2026-08-07 12:39:56,0.13
ROOM,sarisht,satyabrata,2026-08-07 12:39:56,1.66
ROOM,satyabrata,satyabrata,2026-08-07 12:39:57,0.71
ROOM,satyabrata,satyabrata,2026-08-07 12:39:59,0.12
ROOM,satyabrata,satyabrata,2026-08-07 12:39:59,0.00
ROOM,satyabrata,satyabrata,2026-08-07 12:39:59,0.00
ROOM,satyabrata,satyabrata,2026-08-07 12:39:59,0.00
ROOM,satyabrata,satyabrata,2026-08-07 12:40:04,0.00
ROOM,sarisht,sarisht,2026-08-07 12:46:38,0.00
ROOM,sarisht,sarisht,2026-08-07 12:46:54,0.00
ROOM,sarisht,sarisht,2026-08-07 12:46:54,0.00
ROOM,sarisht,Unknown-CAM2-29,2026-08-07 12:47:03,0.25
ROOM,satyabrata,shrayan,2026-08-07 12:47:30,0.00
ROOM,sarisht,shinjan,2026-08-07 12:47:30,0.00
ROOM,sarisht,shinjan,2026-08-07 12:47:31,0.00
ROOM,sarisht,shinjan,2026-08-07 12:47:31,0.00
ROOM,sarisht,shinjan,2026-08-07 12:47:31,0.00
ROOM,sarisht,shinjan,2026-08-07 12:47:31,0.00
ROOM,sarisht,shinjan,2026-08-07 12:47:31,0.00
ROOM,sarisht,shinjan,2026-08-07 12:47:31,0.00
ROOM,sarisht,shinjan,2026-08-07 12:47:32,0.00
ROOM,sarisht,shinjan,2026-08-07 12:47:32,0.00
ROOM,sarisht,shinjan,2026-08-07 12:47:32,0.00
ROOM,sarisht,shinjan,2026-08-07 12:47:32,0.00
ROOM,sarisht,shinjan,2026-08-07 12:47:32,0.00
ROOM,sarisht,shinjan,2026-08-07 12:47:33,0.00
ROOM,sarisht,shinjan,2026-08-07 12:47:33,0.00
ROOM,sarisht,shinjan,2026-08-07 12:47:33,0.00
ROOM,sarisht,shinjan,2026-08-07 12:47:33,0.00
ROOM,sarisht,shinjan,2026-08-07 12:47:34,0.00
ROOM,sarisht,shinjan,2026-08-07 12:47:34,0.00
ROOM,sarisht,shinjan,2026-08-07 12:47:34,0.00
ROOM,sarisht,shinjan,2026-08-07 12:47:34,0.00
ROOM,sarisht,shinjan,2026-08-07 12:47:35,0.00
ROOM,satyabrata,shrayan,2026-08-07 12:47:30,4.22
ROOM,sarisht,shinjan,2026-08-07 12:47:35,0.00
ROOM,sarisht,shinjan,2026-08-07 12:47:35,0.00
ROOM,sarisht,shinjan,2026-08-07 12:47:35,0.00
ROOM,sarisht,shinjan,2026-08-07 12:47:35,0.00
ROOM,sarisht,shinjan,2026-08-07 12:47:36,0.00
ROOM,sarisht,shinjan,2026-08-07 12:47:36,0.00
ROOM,satyabrata,shrayan,2026-08-07 12:47:35,0.87
ROOM,sarisht,shinjan,2026-08-07 12:47:36,0.00
ROOM,sarisht,Unknown-CAM2-42,2026-08-07 12:47:52,0.00
ROOM,sarisht,Unknown-CAM2-42,2026-08-07 12:47:52,0.00
ROOM,sarisht,Unknown-CAM2-42,2026-08-07 12:47:52,0.00
ROOM,sarisht,Unknown-CAM2-42,2026-08-07 12:47:52,0.00
ROOM,sarisht,Unknown-CAM2-42,2026-08-07 12:47:53,0.00
ROOM,sarisht,Unknown-CAM2-42,2026-08-07 12:47:53,0.00
ROOM,sarisht,Unknown-CAM2-42,2026-08-07 12:47:53,0.00
ROOM,sarisht,Unknown-CAM2-42,2026-08-07 12:47:53,0.00
ROOM,sarisht,Unknown-CAM2-42,2026-08-07 12:47:53,0.00
ROOM,sarisht,Unknown-CAM2-42,2026-08-07 12:47:54,0.00
ROOM,sarisht,Unknown-CAM2-42,2026-08-07 12:47:54,0.00
ROOM,sarisht,Unknown-CAM2-42,2026-08-07 12:47:54,0.00
ROOM,sarisht,Unknown-CAM2-42,2026-08-07 12:47:54,0.00
ROOM,sarisht,Unknown-CAM2-42,2026-08-07 12:47:55,0.00
ROOM,sarisht,Unknown-CAM2-42,2026-08-07 12:47:55,0.00
ROOM,sarisht,Unknown-CAM2-42,2026-08-07 12:47:55,0.00
ROOM,sarisht,Unknown-CAM2-42,2026-08-07 12:47:55,0.00
ROOM,sarisht,Unknown-CAM2-42,2026-08-07 12:47:55,0.00
ROOM,sarisht,Unknown-CAM2-42,2026-08-07 12:47:55,0.00
ROOM,sarisht,Unknown-CAM2-42,2026-08-07 12:47:56,0.00
ROOM,sarisht,Unknown-CAM2-42,2026-08-07 12:47:56,0.00
ROOM,sarisht,Unknown-CAM2-42,2026-08-07 12:47:56,0.00
ROOM,sarisht,Unknown-CAM2-42,2026-08-07 12:47:56,0.00
ROOM,sarisht,Unknown-CAM2-42,2026-08-07 12:47:56,0.00
ROOM,sarisht,Unknown-CAM2-42,2026-08-07 12:47:56,0.00
ROOM,sarisht,Unknown-CAM2-42,2026-08-07 12:47:57,0.00
ROOM,sarisht,Unknown-CAM2-42,2026-08-07 12:47:57,0.00
ROOM,sarisht,shrayan,2026-08-07 12:47:57,0.00
ROOM,sarisht,shrayan,2026-08-07 12:47:57,0.00
ROOM,sarisht,shrayan,2026-08-07 12:47:57,0.00
ROOM,sarisht,shrayan,2026-08-07 12:47:57,0.00
ROOM,sarisht,shrayan,2026-08-07 12:47:58,0.00
ROOM,sarisht,shrayan,2026-08-07 12:47:58,0.00
ROOM,sarisht,shrayan,2026-08-07 12:47:58,0.00
ROOM,sarisht,shrayan,2026-08-07 12:47:58,0.00
ROOM,sarisht,shrayan,2026-08-07 12:47:58,0.00
ROOM,sarisht,shrayan,2026-08-07 12:47:58,0.00
ROOM,sarisht,shrayan,2026-08-07 12:47:59,0.00
ROOM,sarisht,shrayan,2026-08-07 12:47:59,0.00
ROOM,sarisht,shrayan,2026-08-07 12:47:59,0.00
ROOM,sarisht,shrayan,2026-08-07 12:47:59,0.00
ROOM,sarisht,shrayan,2026-08-07 12:47:59,0.00
ROOM,sarisht,shrayan,2026-08-07 12:48:00,0.00
ROOM,sarisht,shrayan,2026-08-07 12:48:00,0.00
ROOM,sarisht,shrayan,2026-08-07 12:48:00,0.00
ROOM,sarisht,shrayan,2026-08-07 12:48:00,0.00
ROOM,sarisht,shrayan,2026-08-07 12:48:00,0.00
ROOM,sarisht,shrayan,2026-08-07 12:48:00,0.00
ROOM,sarisht,shrayan,2026-08-07 12:48:01,0.00
ROOM,sarisht,shrayan,2026-08-07 12:48:01,0.00
ROOM,sarisht,shrayan,2026-08-07 12:48:01,0.00
ROOM,sarisht,shrayan,2026-08-07 12:48:01,0.00
ROOM,sarisht,shrayan,2026-08-07 12:48:01,0.00
ROOM,sarisht,shrayan,2026-08-07 12:48:01,0.00
ROOM,sarisht,shrayan,2026-08-07 12:48:01,0.00
ROOM,sarisht,shrayan,2026-08-07 12:48:02,0.00
ROOM,sarisht,shrayan,2026-08-07 12:48:02,0.00
ROOM,sarisht,shrayan,2026-08-07 12:48:02,0.00
ROOM,sarisht,shrayan,2026-08-07 12:48:02,0.00
ROOM,sarisht,shrayan,2026-08-07 12:48:02,0.00
ROOM,sarisht,shrayan,2026-08-07 12:48:02,0.00
ROOM,sarisht,shrayan,2026-08-07 12:48:03,0.00
ROOM,sarisht,shrayan,2026-08-07 12:48:03,0.00
ROOM,sarisht,shrayan,2026-08-07 12:48:03,0.00
ROOM,sarisht,shrayan,2026-08-07 12:48:03,0.00
ROOM,sarisht,shrayan,2026-08-07 12:48:03,0.00
ROOM,sarisht,shrayan,2026-08-07 12:48:03,0.00
ROOM,sarisht,shrayan,2026-08-07 12:48:04,0.00
ROOM,sarisht,shrayan,2026-08-07 12:48:04,0.00
ROOM,sarisht,shrayan,2026-08-07 12:48:04,0.00
ROOM,sarisht,shrayan,2026-08-07 12:48:04,0.00
ROOM,sarisht,shrayan,2026-08-07 12:48:04,0.00
ROOM,sarisht,shrayan,2026-08-07 12:48:04,0.00
ROOM,sarisht,shrayan,2026-08-07 12:48:04,0.00
ROOM,sarisht,shrayan,2026-08-07 12:48:05,0.00
ROOM,sarisht,shrayan,2026-08-07 12:48:05,0.00
ROOM,sarisht,shrayan,2026-08-07 12:48:06,0.00
ROOM,sarisht,shrayan,2026-08-07 12:48:06,0.00
ROOM,sarisht,shrayan,2026-08-07 12:48:07,0.00
ROOM,sarisht,shrayan,2026-08-07 12:48:07,0.00
ROOM,sarisht,shrayan,2026-08-07 12:48:07,0.00
ROOM,sarisht,shrayan,2026-08-07 12:48:07,0.00
ROOM,sarisht,shrayan,2026-08-07 12:48:07,0.00
ROOM,sarisht,shrayan,2026-08-07 12:48:07,0.00
ROOM,sarisht,shrayan,2026-08-07 12:48:08,0.00
ROOM,sarisht,shrayan,2026-08-07 12:48:08,0.00
ROOM,sarisht,shrayan,2026-08-07 12:48:08,0.00
ROOM,satyabrata,sarisht,2026-08-07 12:48:05,1.37
ROOM,sarisht,shrayan,2026-08-07 12:48:08,0.00
ROOM,satyabrata,sarisht,2026-08-07 12:48:07,0.00
ROOM,sarisht,shrayan,2026-08-07 12:48:08,0.00
ROOM,sarisht,shrayan,2026-08-07 12:48:09,0.00
ROOM,sarisht,shrayan,2026-08-07 12:48:09,0.00
ROOM,sarisht,shrayan,2026-08-07 12:48:09,0.00
ROOM,sarisht,shrayan,2026-08-07 12:48:09,0.00
ROOM,sarisht,shrayan,2026-08-07 12:48:09,0.00
ROOM,sarisht,shrayan,2026-08-07 12:48:10,0.00
ROOM,sarisht,shrayan,2026-08-07 12:48:10,0.00
ROOM,sarisht,shrayan,2026-08-07 12:48:10,0.00
ROOM,sarisht,shrayan,2026-08-07 12:48:10,0.00
ROOM,sarisht,shrayan,2026-08-07 12:48:10,0.00
ROOM,sarisht,shrayan,2026-08-07 12:48:10,0.00
ROOM,sarisht,shrayan,2026-08-07 12:48:12,0.00
ROOM,sarisht,shrayan,2026-08-07 12:48:12,0.00
ROOM,sarisht,shrayan,2026-08-07 12:48:12,0.00
ROOM,sarisht,shrayan,2026-08-07 12:48:12,0.00
ROOM,sarisht,shrayan,2026-08-07 12:48:12,0.00
ROOM,sarisht,shrayan,2026-08-07 12:48:12,0.00
ROOM,sarisht,shrayan,2026-08-07 12:48:13,0.00
ROOM,sarisht,shrayan,2026-08-07 12:48:13,0.00
ROOM,sarisht,shrayan,2026-08-07 12:48:13,0.00
ROOM,sarisht,shrayan,2026-08-07 12:48:13,0.00
ROOM,sarisht,shrayan,2026-08-07 12:48:13,0.00
ROOM,sarisht,shrayan,2026-08-07 12:48:14,0.00
ROOM,sarisht,shrayan,2026-08-07 12:48:14,0.00
ROOM,sarisht,shrayan,2026-08-07 12:48:14,0.00
ROOM,sarisht,shrayan,2026-08-07 12:48:14,0.00
ROOM,sarisht,shrayan,2026-08-07 12:48:14,0.00
ROOM,sarisht,shrayan,2026-08-07 12:48:14,0.00
ROOM,sarisht,shrayan,2026-08-07 12:48:15,0.00
ROOM,sarisht,shrayan,2026-08-07 12:48:15,0.00
ROOM,sarisht,shrayan,2026-08-07 12:48:15,0.00
ROOM,sarisht,shrayan,2026-08-07 12:48:15,0.00
ROOM,sarisht,shrayan,2026-08-07 12:48:15,0.00
ROOM,sarisht,shrayan,2026-08-07 12:48:15,0.00
ROOM,sarisht,shrayan,2026-08-07 12:48:16,0.00
ROOM,sarisht,shrayan,2026-08-07 12:48:16,0.00
ROOM,sarisht,shrayan,2026-08-07 12:48:16,0.00
ROOM,sarisht,shrayan,2026-08-07 12:48:16,0.00
ROOM,sarisht,shrayan,2026-08-07 12:48:16,0.00
ROOM,sarisht,shrayan,2026-08-07 12:48:17,0.00
ROOM,sarisht,shrayan,2026-08-07 12:48:17,0.00
ROOM,sarisht,shrayan,2026-08-07 12:48:17,0.00
ROOM,sarisht,shrayan,2026-08-07 12:48:19,0.00
ROOM,Unknown-CAM2-1,Unknown-CAM2-2,2026-08-07 15:35:47,0.25
ROOM,Unknown-CAM2-1,Unknown-CAM2-2,2026-08-07 15:35:48,0.69
ROOM,Unknown-CAM2-1,Unknown-CAM2-5,2026-08-07 15:35:47,0.00
ROOM,Unknown-CAM2-3,Unknown-CAM2-8,2026-08-07 15:35:51,0.00
ROOM,sarisht,shrayan,2026-08-07 15:35:50,1.14
ROOM,sarisht,shrayan,2026-08-07 15:35:51,2.17
ROOM,sarisht,shrayan,2026-08-07 15:35:54,0.94
ROOM,sarisht,Unknown-CAM2-3,2026-08-07 15:35:55,0.34
ROOM,sarisht,shrayan,2026-08-07 15:35:55,0.36
ROOM,Om,sarisht,2026-08-07 15:35:55,0.00
ROOM,sarisht,shrayan,2026-08-07 15:35:56,0.55
ROOM,sarisht,Unknown-CAM2-11,2026-08-07 15:35:57,0.11
ROOM,sarisht,shrayan,2026-08-07 15:35:58,0.18
ROOM,sarisht,shrayan,2026-08-07 15:35:58,0.00
ROOM,sarisht,shrayan,2026-08-07 15:35:59,0.00
ROOM,sarisht,shrayan,2026-08-07 15:35:59,0.00
ROOM,sarisht,shrayan,2026-08-07 15:35:59,0.19
ROOM,sarisht,shrayan,2026-08-07 15:35:59,0.00
ROOM,sarisht,shrayan,2026-08-07 15:35:59,0.00
ROOM,sarisht,shrayan,2026-08-07 15:35:58,0.12
ROOM,sarisht,shrayan,2026-08-07 15:36:00,0.42
ROOM,sarisht,shrayan,2026-08-07 15:36:01,0.00
ROOM,sarisht,shrayan,2026-08-07 15:36:01,0.00
ROOM,sarisht,shrayan,2026-08-07 15:36:01,0.00
ROOM,sarisht,shrayan,2026-08-07 15:36:01,0.00
ROOM,sarisht,shrayan,2026-08-07 15:36:02,0.00
ROOM,sarisht,shrayan,2026-08-07 15:36:02,0.00
ROOM,sarisht,shrayan,2026-08-07 15:36:02,0.00
ROOM,sarisht,shrayan,2026-08-07 15:36:02,0.00
ROOM,sarisht,shrayan,2026-08-07 15:36:02,0.00
ROOM,sarisht,shrayan,2026-08-07 15:36:02,0.00
ROOM,sarisht,shrayan,2026-08-07 15:36:02,0.00
ROOM,sarisht,shrayan,2026-08-07 15:36:02,0.00
ROOM,sarisht,Unknown-CAM2-12,2026-08-07 15:36:02,0.26
ROOM,shrayan,Unknown-CAM2-12,2026-08-07 15:36:02,0.49
ROOM,sarisht,sarisht,2026-08-07 15:36:08,0.00
ROOM,sarisht,sarisht,2026-08-07 15:36:09,0.00
ROOM,sarisht,sarisht,2026-08-07 15:36:09,0.00
ROOM,sarisht,sarisht,2026-08-07 15:36:12,0.06
ROOM,sarisht,sarisht,2026-08-07 15:36:14,0.00
ROOM,sarisht,shrayan,2026-08-07 15:36:19,0.06
ROOM,Ayush_cofounder,Unknown-CAM2-39,2026-08-07 15:36:45,0.00
ROOM,Ayush_cofounder,Unknown-CAM2-39,2026-08-07 15:36:46,0.00
ROOM,Ayush_cofounder,sarisht,2026-08-07 15:36:51,0.13
ROOM,satyabrata,Unknown-CAM2-42,2026-08-07 15:36:53,0.70
ROOM,sarisht,satyabrata,2026-08-07 15:36:58,0.00
ROOM,satyabrata,satyabrata,2026-08-07 15:36:54,1.61
ROOM,satyabrata,satyabrata,2026-08-07 15:36:56,2.58
